transaction_id,user_id,transaction_date,transaction_type,amount,status
5001,1005,2025-01-23 11:17:00,deposit,392.42,success
5002,1005,2025-01-24 12:17:00,payment,108.1,success
5003,1008,2025-03-20 08:03:00,deposit,159.71,success
5004,1014,2025-02-27 16:56:00,deposit,378.98,success
5005,1014,2025-03-03 20:56:00,payment,174.54,success
5006,1016,2025-03-31 20:22:00,deposit,64.73,success
5007,1016,2025-04-07 09:22:00,payment,80.74,success
5008,1022,2025-01-26 16:12:00,deposit,250.73,success
5009,1022,2025-02-05 05:12:00,payment,13.4,success
5010,1031,2025-03-05 20:11:00,deposit,327.89,success
5011,1031,2025-03-09 11:11:00,payment,145.98,success
5012,1032,2025-03-25 21:42:00,deposit,142.08,success
5013,1036,2025-02-20 16:08:00,deposit,373.31,success
5014,1038,2025-02-24 03:40:00,deposit,140.46,success
5015,1038,2025-02-28 17:40:00,payment,148.6,success
5016,1039,2025-02-25 07:13:00,deposit,203.25,success
5017,1039,2025-03-05 16:13:00,payment,28.83,success
5018,1041,2025-01-09 03:28:00,deposit,130.9,success
5019,1041,2025-01-18 00:28:00,payment,123.45,success
5020,1044,2025-01-23 19:30:00,deposit,476.88,success
5021,1044,2025-01-29 16:30:00,payment,113.87,success
5022,1045,2025-03-18 03:31:00,deposit,309.73,success
5023,1049,2025-04-03 02:03:00,deposit,152.09,success
5024,1049,2025-04-12 22:03:00,payment,86.14,success
5025,1054,2025-02-27 22:07:00,deposit,450.99,success
5026,1058,2025-03-16 13:41:00,deposit,67.98,success
5027,1059,2025-02-18 14:30:00,deposit,280.33,success
5028,1059,2025-02-24 13:30:00,payment,138.02,success
5029,1063,2025-03-24 22:34:00,deposit,129.63,success
5030,1063,2025-03-28 15:34:00,payment,150.6,success
5031,1069,2025-01-07 05:50:00,deposit,261.37,success
5032,1073,2025-03-08 08:15:00,deposit,33.65,success
5033,1073,2025-03-11 12:15:00,payment,150.51,success
5034,1074,2025-01-24 11:59:00,deposit,56.34,success
5035,1074,2025-02-02 19:59:00,payment,75.16,success
5036,1075,2025-04-01 14:22:00,deposit,176.2,success
5037,1075,2025-04-07 08:22:00,payment,116.82,success
5038,1078,2025-03-18 23:07:00,deposit,119.03,success
5039,1078,2025-03-23 14:07:00,payment,134.71,success
5040,1084,2025-03-23 12:29:00,deposit,376.91,success
5041,1084,2025-04-01 00:29:00,payment,139.23,success
5042,1088,2025-03-31 10:40:00,deposit,375.62,success
5043,1088,2025-04-07 21:40:00,payment,178.54,success
5044,1089,2025-03-26 02:55:00,deposit,454.83,success
5045,1089,2025-04-02 18:55:00,payment,168.52,success
5046,1096,2025-02-14 10:19:00,deposit,149.6,success
5047,1103,2025-01-14 08:18:00,deposit,386.92,success
5048,1103,2025-01-19 19:18:00,payment,38.33,success
5049,1104,2025-04-02 04:17:00,deposit,444.51,success
5050,1104,2025-04-04 12:17:00,payment,32.42,success
5051,1105,2025-01-06 14:11:00,deposit,72.94,success
5052,1108,2025-03-09 04:53:00,deposit,77.4,success
5053,1108,2025-03-17 00:53:00,payment,111.61,success
5054,1109,2025-01-16 04:39:00,deposit,47.75,success
5055,1118,2025-01-11 13:48:00,deposit,267.3,success
5056,1118,2025-01-17 21:48:00,payment,26.57,success
5057,1120,2025-03-20 08:10:00,deposit,302.92,success
5058,1124,2025-02-22 05:22:00,deposit,257.17,success
5059,1127,2025-03-31 22:13:00,deposit,405.12,success
5060,1130,2025-04-02 14:20:00,deposit,283.31,success
5061,1130,2025-04-03 15:20:00,payment,74.31,success
5062,1133,2025-02-22 21:27:00,deposit,486.32,success
5063,1135,2025-01-08 06:00:00,deposit,177.88,success
5064,1139,2025-01-21 06:30:00,deposit,167.65,success
5065,1143,2025-01-18 00:40:00,deposit,90.85,success
5066,1143,2025-01-25 00:40:00,payment,71.17,success
5067,1144,2025-04-04 05:13:00,deposit,435.07,success
5068,1144,2025-04-08 04:13:00,payment,25.05,success
5069,1147,2025-02-23 14:54:00,deposit,490.47,success
5070,1147,2025-02-25 02:54:00,payment,148.95,success
5071,1159,2025-03-03 02:07:00,deposit,112.39,success
5072,1159,2025-03-04 22:07:00,payment,93.55,success
5073,1161,2025-02-04 04:35:00,deposit,302.26,success
5074,1161,2025-02-04 16:35:00,payment,124.83,success
5075,1165,2025-03-06 05:49:00,deposit,288.16,success
5076,1165,2025-03-13 15:49:00,payment,60.28,success
5077,1169,2025-02-03 14:13:00,deposit,391.85,success
5078,1174,2025-03-18 19:16:00,deposit,292.06,success
5079,1179,2025-03-07 04:58:00,deposit,213.88,success
5080,1179,2025-03-11 11:58:00,payment,6.69,success
5081,1185,2025-01-12 02:07:00,deposit,174.88,success
5082,1185,2025-01-14 01:07:00,payment,182.89,success
5083,1187,2025-02-13 13:31:00,deposit,70.38,success
5084,1187,2025-02-15 23:31:00,payment,134.75,success
5085,1190,2025-01-31 18:27:00,deposit,114.05,success
5086,1192,2025-03-06 03:00:00,deposit,409.89,success
5087,1192,2025-03-07 08:00:00,payment,148.14,success
5088,1193,2025-02-03 19:31:00,deposit,329.02,success
5089,1194,2025-04-04 11:17:00,deposit,443.23,success
5090,1194,2025-04-10 01:17:00,payment,135.51,success
5091,1198,2025-02-27 04:37:00,deposit,129.07,success
5092,1200,2025-02-13 13:07:00,deposit,308.3,success
5093,1200,2025-02-14 11:07:00,payment,135.77,success
5094,1201,2025-01-04 14:56:00,deposit,202.78,success
5095,1204,2025-03-28 18:50:00,deposit,29.71,success
5096,1207,2025-01-05 10:00:00,deposit,195.45,success
5097,1207,2025-01-07 05:00:00,payment,16.48,success
5098,1213,2025-02-26 17:42:00,deposit,424.8,success
5099,1213,2025-03-06 13:42:00,payment,122.9,success
5100,1219,2025-03-15 10:22:00,deposit,459.28,success
5101,1219,2025-03-22 03:22:00,payment,20.87,success
5102,1223,2025-01-22 11:07:00,deposit,279.5,success
5103,1224,2025-02-10 00:55:00,deposit,338.89,success
5104,1224,2025-02-18 09:55:00,payment,104.52,success
5105,1225,2025-01-29 11:26:00,deposit,482.26,success
5106,1225,2025-02-08 04:26:00,payment,39.65,success
5107,1236,2025-01-22 02:32:00,deposit,119.73,success
5108,1237,2025-03-02 13:05:00,deposit,383.71,success
5109,1237,2025-03-04 19:05:00,payment,15.51,success
5110,1250,2025-01-03 09:45:00,deposit,433.39,success
5111,1253,2025-04-03 20:28:00,deposit,246.12,success
5112,1256,2025-02-05 13:14:00,deposit,155.02,success
5113,1256,2025-02-10 18:14:00,payment,45.32,success
5114,1257,2025-02-17 07:36:00,deposit,368.56,success
5115,1259,2025-01-21 05:42:00,deposit,182.48,success
5116,1259,2025-01-26 18:42:00,payment,123.09,success
5117,1277,2025-02-05 05:04:00,deposit,457.08,success
5118,1277,2025-02-07 11:04:00,payment,195.2,success
5119,1280,2025-03-15 18:14:00,deposit,485.56,success
5120,1280,2025-03-23 22:14:00,payment,145.09,success
5121,1287,2025-03-30 13:17:00,deposit,134.16,success
5122,1287,2025-04-07 21:17:00,payment,10.1,success
5123,1294,2025-02-08 02:51:00,deposit,287.24,success
5124,1294,2025-02-08 22:51:00,payment,9.33,success
5125,1295,2025-03-12 17:28:00,deposit,74.06,success
5126,1295,2025-03-20 17:28:00,payment,198.41,success
5127,1299,2025-02-19 11:00:00,deposit,117.96,success
5128,1299,2025-02-19 12:00:00,payment,43.85,success
5129,1306,2025-02-20 17:41:00,deposit,198.31,success
5130,1307,2025-03-21 20:59:00,deposit,45.8,success
5131,1307,2025-03-25 00:59:00,payment,195.74,success
5132,1315,2025-01-13 09:51:00,deposit,331.52,success
5133,1315,2025-01-13 10:51:00,payment,143.01,success
5134,1317,2025-01-29 14:55:00,deposit,38.4,success
5135,1317,2025-02-02 23:55:00,payment,107.0,success
5136,1319,2025-02-02 10:29:00,deposit,281.22,success
5137,1319,2025-02-03 12:29:00,payment,199.33,success
5138,1324,2025-02-20 00:55:00,deposit,276.04,success
5139,1325,2025-01-26 12:46:00,deposit,342.87,success
5140,1325,2025-02-01 15:46:00,payment,80.45,success
5141,1331,2025-02-15 22:21:00,deposit,33.85,success
5142,1331,2025-02-21 12:21:00,payment,141.9,success
5143,1336,2025-01-29 09:54:00,deposit,138.66,success
5144,1340,2025-03-08 16:38:00,deposit,74.24,success
5145,1340,2025-03-10 04:38:00,payment,6.13,success
5146,1342,2025-02-05 00:45:00,deposit,132.92,success
5147,1342,2025-02-12 21:45:00,payment,131.12,success
5148,1344,2025-02-09 08:44:00,deposit,71.09,success
5149,1344,2025-02-15 04:44:00,payment,7.73,success
5150,1345,2025-03-13 17:02:00,deposit,427.44,success
5151,1346,2025-01-23 19:09:00,deposit,177.82,success
5152,1346,2025-01-25 04:09:00,payment,55.8,success
5153,1347,2025-01-28 23:51:00,deposit,177.84,success
5154,1347,2025-02-06 01:51:00,payment,63.7,success
5155,1349,2025-02-28 20:05:00,deposit,488.12,success
5156,1349,2025-03-04 08:05:00,payment,107.97,success
5157,1356,2025-01-28 18:32:00,deposit,418.45,success
5158,1356,2025-02-07 15:32:00,payment,159.38,success
5159,1359,2025-01-08 19:19:00,deposit,342.21,success
5160,1359,2025-01-11 11:19:00,payment,100.06,success
5161,1360,2025-04-04 01:05:00,deposit,316.14,success
5162,1360,2025-04-07 10:05:00,payment,180.57,success
5163,1362,2025-02-07 02:16:00,deposit,369.15,success
5164,1362,2025-02-16 23:16:00,payment,9.27,success
5165,1363,2025-01-15 18:34:00,deposit,269.93,success
5166,1364,2025-02-16 08:52:00,deposit,189.06,success
5167,1364,2025-02-25 08:52:00,payment,96.74,success
5168,1365,2025-02-25 08:03:00,deposit,356.84,success
5169,1368,2025-01-30 20:29:00,deposit,63.69,success
5170,1368,2025-02-04 13:29:00,payment,87.83,success
5171,1380,2025-01-11 05:19:00,deposit,322.96,success
5172,1380,2025-01-15 13:19:00,payment,65.87,success
5173,1388,2025-03-31 11:32:00,deposit,110.74,success
5174,1392,2025-01-30 16:15:00,deposit,307.28,success
5175,1392,2025-02-05 15:15:00,payment,148.32,success
5176,1394,2025-03-05 20:33:00,deposit,478.84,success
5177,1394,2025-03-09 17:33:00,payment,111.74,success
5178,1395,2025-03-08 05:14:00,deposit,138.37,success
5179,1395,2025-03-14 00:14:00,payment,132.31,success
5180,1397,2025-02-28 19:24:00,deposit,187.67,success
5181,1398,2025-03-04 15:17:00,deposit,140.65,success
5182,1398,2025-03-08 06:17:00,payment,141.34,success
5183,1401,2025-02-27 22:06:00,deposit,84.85,success
5184,1403,2025-03-15 12:55:00,deposit,479.12,success
5185,1406,2025-03-03 12:48:00,deposit,366.55,success
5186,1406,2025-03-07 22:48:00,payment,22.58,success
5187,1410,2025-01-09 08:14:00,deposit,158.46,success
5188,1410,2025-01-15 07:14:00,payment,75.66,success
5189,1415,2025-02-15 04:30:00,deposit,124.72,success
5190,1415,2025-02-23 23:30:00,payment,101.56,success
5191,1418,2025-01-18 19:38:00,deposit,76.39,success
5192,1421,2025-01-20 11:44:00,deposit,200.69,success
5193,1421,2025-01-29 01:44:00,payment,112.32,success
5194,1427,2025-04-03 09:37:00,deposit,205.04,success
5195,1427,2025-04-12 20:37:00,payment,123.89,success
5196,1429,2025-01-29 11:45:00,deposit,351.84,success
5197,1429,2025-01-30 01:45:00,payment,141.35,success
5198,1434,2025-01-03 07:50:00,deposit,481.91,success
5199,1434,2025-01-11 14:50:00,payment,162.33,success
5200,1436,2025-02-21 12:52:00,deposit,323.79,success
5201,1436,2025-03-02 12:52:00,payment,52.33,success
5202,1437,2025-04-02 15:48:00,deposit,85.31,success
5203,1437,2025-04-11 01:48:00,payment,177.96,success
5204,1441,2025-03-11 20:34:00,deposit,151.4,success
5205,1441,2025-03-13 07:34:00,payment,42.27,success
5206,1443,2025-03-16 05:45:00,deposit,294.21,success
5207,1443,2025-03-20 10:45:00,payment,184.52,success
5208,1445,2025-03-15 08:20:00,deposit,301.47,success
5209,1455,2025-02-19 04:33:00,deposit,136.81,success
5210,1455,2025-02-26 22:33:00,payment,123.09,success
5211,1457,2025-03-13 23:37:00,deposit,203.0,success
5212,1461,2025-04-06 13:01:00,deposit,396.88,success
5213,1467,2025-01-15 23:47:00,deposit,455.8,success
5214,1467,2025-01-22 22:47:00,payment,103.19,success
5215,1468,2025-03-11 23:39:00,deposit,297.33,success
5216,1468,2025-03-18 08:39:00,payment,139.54,success
5217,1470,2025-02-26 12:14:00,deposit,233.1,success
5218,1475,2025-03-13 16:48:00,deposit,160.12,success
5219,1476,2025-01-06 20:19:00,deposit,165.7,success
5220,1476,2025-01-09 21:19:00,payment,111.49,success
5221,1478,2025-01-30 15:35:00,deposit,484.95,success
5222,1478,2025-01-31 17:35:00,payment,170.23,success
5223,1480,2025-01-07 06:17:00,deposit,472.73,success
5224,1480,2025-01-15 05:17:00,payment,57.98,success
5225,1482,2025-03-28 23:08:00,deposit,298.5,success
5226,1486,2025-02-08 15:03:00,deposit,93.28,success
5227,1486,2025-02-09 15:03:00,payment,133.43,success
5228,1488,2025-02-07 09:22:00,deposit,405.72,success
5229,1488,2025-02-11 07:22:00,payment,71.39,success
5230,1489,2025-03-03 23:38:00,deposit,124.81,success
5231,1489,2025-03-12 19:38:00,payment,122.89,success
5232,1491,2025-02-17 03:54:00,deposit,243.47,success
5233,1491,2025-02-18 18:54:00,payment,29.7,success
5234,1492,2025-01-17 13:46:00,deposit,155.57,success
5235,1497,2025-03-19 02:53:00,deposit,167.48,success
5236,1497,2025-03-19 04:53:00,payment,5.68,success
5237,1499,2025-02-16 03:23:00,deposit,65.74,success
5238,1501,2025-01-17 00:44:00,deposit,448.83,success
5239,1501,2025-01-20 02:44:00,payment,25.35,success
5240,1503,2025-02-20 11:45:00,deposit,321.43,success
5241,1503,2025-02-28 12:45:00,payment,36.34,success
5242,1505,2025-02-08 00:52:00,deposit,222.94,success
5243,1511,2025-03-21 03:23:00,deposit,149.16,success
5244,1511,2025-03-21 13:23:00,payment,120.34,success
5245,1512,2025-04-03 18:21:00,deposit,405.12,success
5246,1512,2025-04-07 08:21:00,payment,163.07,success
5247,1515,2025-03-14 20:42:00,deposit,98.13,success
5248,1515,2025-03-16 02:42:00,payment,17.29,success
5249,1516,2025-03-06 07:38:00,deposit,261.68,success
5250,1516,2025-03-10 12:38:00,payment,186.4,success
5251,1519,2025-02-11 11:34:00,deposit,238.3,success
5252,1525,2025-01-29 17:10:00,deposit,482.22,success
5253,1530,2025-01-25 01:56:00,deposit,121.84,success
5254,1530,2025-01-30 23:56:00,payment,20.9,success
5255,1535,2025-02-28 22:03:00,deposit,232.25,success
5256,1535,2025-03-05 19:03:00,payment,168.79,success
5257,1536,2025-01-19 22:54:00,deposit,87.53,success
5258,1536,2025-01-22 00:54:00,payment,65.0,success
5259,1537,2025-01-27 04:00:00,deposit,329.19,success
5260,1542,2025-03-28 11:16:00,deposit,85.0,success
5261,1542,2025-04-01 04:16:00,payment,73.09,success
5262,1543,2025-04-04 03:35:00,deposit,289.25,success
5263,1543,2025-04-12 07:35:00,payment,127.86,success
5264,1548,2025-02-20 21:27:00,deposit,152.4,success
5265,1548,2025-02-28 10:27:00,payment,116.62,success
5266,1551,2025-01-22 07:18:00,deposit,482.86,success
5267,1551,2025-01-30 16:18:00,payment,100.33,success
5268,1555,2025-01-30 11:00:00,deposit,171.13,success
5269,1555,2025-02-01 05:00:00,payment,84.8,success
5270,1557,2025-02-24 05:08:00,deposit,272.58,success
5271,1558,2025-03-26 02:17:00,deposit,50.54,success
5272,1559,2025-01-22 02:16:00,deposit,102.77,success
5273,1562,2025-01-29 02:23:00,deposit,467.1,success
5274,1562,2025-02-01 19:23:00,payment,169.84,success
5275,1570,2025-02-24 09:55:00,deposit,230.75,success
5276,1575,2025-01-07 12:04:00,deposit,134.42,success
5277,1575,2025-01-09 06:04:00,payment,49.84,success
5278,1577,2025-03-31 07:35:00,deposit,209.0,success
5279,1577,2025-04-06 21:35:00,payment,174.41,success
5280,1578,2025-03-21 22:56:00,deposit,84.83,success
5281,1579,2025-01-24 09:57:00,deposit,210.76,success
5282,1579,2025-02-02 07:57:00,payment,97.76,success
5283,1582,2025-03-16 06:42:00,deposit,90.45,success
5284,1592,2025-02-01 09:39:00,deposit,118.51,success
5285,1592,2025-02-02 22:39:00,payment,54.32,success
5286,1598,2025-03-31 05:35:00,deposit,238.91,success
5287,1600,2025-03-09 05:40:00,deposit,198.29,success
5288,1600,2025-03-12 21:40:00,payment,104.14,success
5289,1602,2025-01-20 11:25:00,deposit,111.98,success
5290,1606,2025-01-05 21:34:00,deposit,104.74,success
5291,1606,2025-01-14 17:34:00,payment,58.04,success
5292,1610,2025-01-23 14:43:00,deposit,463.14,success
5293,1610,2025-01-28 04:43:00,payment,182.59,success
5294,1613,2025-02-12 00:44:00,deposit,434.26,success
5295,1613,2025-02-14 19:44:00,payment,87.64,success
5296,1614,2025-03-17 04:41:00,deposit,354.36,success
5297,1614,2025-03-21 09:41:00,payment,106.23,success
5298,1616,2025-01-24 04:34:00,deposit,75.88,success
5299,1619,2025-02-18 01:58:00,deposit,71.58,success
5300,1619,2025-02-26 18:58:00,payment,112.28,success
5301,1620,2025-01-17 09:10:00,deposit,442.34,success
5302,1620,2025-01-26 03:10:00,payment,188.3,success
5303,1621,2025-03-03 18:53:00,deposit,365.02,success
5304,1621,2025-03-06 23:53:00,payment,116.56,success
5305,1623,2025-03-19 04:00:00,deposit,269.63,success
5306,1629,2025-03-08 10:52:00,deposit,254.19,success
5307,1637,2025-02-21 14:20:00,deposit,31.45,success
5308,1637,2025-02-24 07:20:00,payment,29.84,success
5309,1638,2025-02-16 16:37:00,deposit,179.51,success
5310,1638,2025-02-19 00:37:00,payment,44.74,success
5311,1642,2025-02-23 04:18:00,deposit,181.41,success
5312,1642,2025-03-03 16:18:00,payment,79.37,success
5313,1643,2025-01-25 07:27:00,deposit,406.57,success
5314,1643,2025-02-01 15:27:00,payment,131.4,success
5315,1648,2025-01-20 14:29:00,deposit,134.78,success
5316,1650,2025-03-05 12:22:00,deposit,136.75,success
5317,1650,2025-03-12 17:22:00,payment,162.79,success
5318,1652,2025-02-21 03:11:00,deposit,248.47,success
5319,1654,2025-01-17 21:24:00,deposit,326.51,success
5320,1654,2025-01-19 10:24:00,payment,124.95,success
5321,1655,2025-01-19 05:27:00,deposit,420.64,success
5322,1655,2025-01-25 14:27:00,payment,38.96,success
5323,1656,2025-02-03 09:46:00,deposit,263.17,success
5324,1656,2025-02-12 09:46:00,payment,180.38,success
5325,1659,2025-01-09 09:19:00,deposit,44.52,success
5326,1659,2025-01-18 14:19:00,payment,81.93,success
5327,1660,2025-01-21 16:38:00,deposit,194.71,success
5328,1663,2025-03-21 17:50:00,deposit,234.06,success
5329,1663,2025-03-26 09:50:00,payment,168.93,success
5330,1668,2025-03-21 20:41:00,deposit,456.66,success
5331,1668,2025-03-28 20:41:00,payment,18.38,success
5332,1670,2025-01-29 15:22:00,deposit,494.16,success
5333,1670,2025-02-08 00:22:00,payment,94.99,success
5334,1672,2025-02-09 12:10:00,deposit,345.39,success
5335,1672,2025-02-18 19:10:00,payment,99.16,success
5336,1678,2025-02-03 05:37:00,deposit,466.96,success
5337,1678,2025-02-03 23:37:00,payment,174.37,success
5338,1684,2025-03-19 07:32:00,deposit,440.89,success
5339,1685,2025-02-07 13:31:00,deposit,31.81,success
5340,1692,2025-01-08 11:41:00,deposit,140.35,success
5341,1697,2025-03-11 21:51:00,deposit,403.87,success
5342,1697,2025-03-13 21:51:00,payment,36.86,success
5343,1704,2025-01-24 19:12:00,deposit,139.9,success
5344,1704,2025-01-30 13:12:00,payment,195.37,success
5345,1706,2025-01-15 00:44:00,deposit,160.95,success
5346,1711,2025-04-03 00:35:00,deposit,141.44,success
5347,1711,2025-04-06 12:35:00,payment,20.21,success
5348,1718,2025-01-22 03:11:00,deposit,381.61,success
5349,1718,2025-01-22 09:11:00,payment,117.77,success
5350,1723,2025-01-09 05:15:00,deposit,420.92,success
5351,1723,2025-01-14 00:15:00,payment,105.48,success
5352,1724,2025-01-06 06:11:00,deposit,229.03,success
5353,1726,2025-01-28 17:21:00,deposit,49.12,success
5354,1726,2025-01-30 07:21:00,payment,189.11,success
5355,1729,2025-03-19 17:25:00,deposit,277.58,success
5356,1729,2025-03-20 02:25:00,payment,70.22,success
5357,1730,2025-03-19 00:35:00,deposit,452.57,success
5358,1730,2025-03-22 00:35:00,payment,194.08,success
5359,1731,2025-03-29 18:02:00,deposit,311.45,success
5360,1731,2025-04-01 09:02:00,payment,65.66,success
5361,1736,2025-01-02 16:20:00,deposit,108.31,success
5362,1736,2025-01-11 08:20:00,payment,47.51,success
5363,1738,2025-02-17 16:28:00,deposit,207.55,success
5364,1740,2025-01-10 12:09:00,deposit,67.93,success
5365,1740,2025-01-15 11:09:00,payment,194.24,success
5366,1742,2025-03-11 03:56:00,deposit,156.87,success
5367,1742,2025-03-15 23:56:00,payment,192.98,success
5368,1743,2025-02-06 23:39:00,deposit,340.2,success
5369,1743,2025-02-10 17:39:00,payment,131.38,success
5370,1745,2025-03-15 19:31:00,deposit,481.08,success
5371,1745,2025-03-24 18:31:00,payment,164.1,success
5372,1750,2025-01-11 10:10:00,deposit,343.04,success
5373,1752,2025-01-15 21:28:00,deposit,348.17,success
5374,1752,2025-01-17 11:28:00,payment,144.4,success
5375,1761,2025-03-29 03:01:00,deposit,363.85,success
5376,1770,2025-03-26 22:15:00,deposit,336.25,success
5377,1770,2025-04-04 10:15:00,payment,87.77,success
5378,1779,2025-02-02 09:31:00,deposit,104.39,success
5379,1779,2025-02-10 07:31:00,payment,177.07,success
5380,1780,2025-02-25 23:21:00,deposit,471.96,success
5381,1780,2025-03-03 16:21:00,payment,40.65,success
5382,1781,2025-03-27 12:55:00,deposit,86.92,success
5383,1781,2025-04-05 05:55:00,payment,167.81,success
5384,1782,2025-01-10 08:24:00,deposit,165.13,success
5385,1783,2025-02-04 03:57:00,deposit,391.85,success
5386,1783,2025-02-07 04:57:00,payment,126.9,success
5387,1793,2025-02-05 20:10:00,deposit,59.67,success
5388,1793,2025-02-12 00:10:00,payment,25.09,success
5389,1795,2025-02-27 22:07:00,deposit,425.66,success
5390,1795,2025-03-03 17:07:00,payment,124.1,success
5391,1802,2025-03-29 03:07:00,deposit,297.45,success
5392,1809,2025-01-29 00:03:00,deposit,438.3,success
5393,1809,2025-01-30 15:03:00,payment,187.99,success
5394,1811,2025-03-10 17:28:00,deposit,448.67,success
5395,1813,2025-02-07 03:57:00,deposit,210.48,success
5396,1813,2025-02-11 18:57:00,payment,88.0,success
5397,1815,2025-03-08 21:03:00,deposit,481.42,success
5398,1818,2025-01-23 15:18:00,deposit,158.42,success
5399,1818,2025-01-28 23:18:00,payment,111.78,success
5400,1823,2025-01-26 00:58:00,deposit,428.14,success
5401,1823,2025-02-02 20:58:00,payment,61.48,success
5402,1833,2025-03-25 03:41:00,deposit,203.08,success
5403,1833,2025-03-27 15:41:00,payment,67.75,success
5404,1836,2025-02-01 05:23:00,deposit,413.43,success
5405,1837,2025-03-16 18:46:00,deposit,390.19,success
5406,1837,2025-03-21 15:46:00,payment,90.89,success
5407,1838,2025-01-31 11:07:00,deposit,347.68,success
5408,1838,2025-02-03 23:07:00,payment,195.96,success
5409,1840,2025-03-30 19:26:00,deposit,286.95,success
5410,1840,2025-04-06 14:26:00,payment,103.95,success
5411,1842,2025-03-09 06:33:00,deposit,77.19,success
5412,1843,2025-02-23 03:53:00,deposit,300.42,success
5413,1846,2025-01-29 04:30:00,deposit,61.33,success
5414,1846,2025-02-01 09:30:00,payment,166.42,success
5415,1852,2025-02-19 17:41:00,deposit,147.46,success
5416,1852,2025-02-24 11:41:00,payment,156.0,success
5417,1858,2025-03-30 20:27:00,deposit,213.69,success
5418,1860,2025-04-06 08:43:00,deposit,323.93,success
5419,1860,2025-04-10 00:43:00,payment,188.41,success
5420,1861,2025-01-07 23:26:00,deposit,426.66,success
5421,1861,2025-01-16 07:26:00,payment,130.13,success
5422,1863,2025-01-20 02:39:00,deposit,154.83,success
5423,1863,2025-01-24 12:39:00,payment,164.23,success
5424,1866,2025-01-13 16:46:00,deposit,447.23,success
5425,1870,2025-02-13 20:37:00,deposit,81.31,success
5426,1870,2025-02-14 03:37:00,payment,62.03,success
5427,1871,2025-01-17 09:42:00,deposit,366.69,success
5428,1871,2025-01-26 17:42:00,payment,121.93,success
5429,1872,2025-03-06 06:08:00,deposit,471.5,success
5430,1878,2025-01-24 02:39:00,deposit,372.87,success
5431,1878,2025-01-29 12:39:00,payment,34.77,success
5432,1879,2025-03-31 15:52:00,deposit,242.03,success
5433,1881,2025-02-17 14:45:00,deposit,349.4,success
5434,1885,2025-03-28 16:07:00,deposit,96.81,success
5435,1892,2025-02-08 20:36:00,deposit,395.87,success
5436,1892,2025-02-15 18:36:00,payment,118.08,success
5437,1896,2025-02-13 18:31:00,deposit,345.51,success
5438,1904,2025-03-07 05:41:00,deposit,431.56,success
5439,1907,2025-03-02 07:24:00,deposit,240.89,success
5440,1907,2025-03-12 05:24:00,payment,138.45,success
5441,1908,2025-01-25 13:50:00,deposit,498.67,success
5442,1920,2025-02-04 18:22:00,deposit,220.09,success
5443,1920,2025-02-14 00:22:00,payment,19.77,success
5444,1936,2025-03-22 22:18:00,deposit,276.53,success
5445,1936,2025-03-25 18:18:00,payment,53.46,success
5446,1937,2025-01-14 22:55:00,deposit,360.39,success
5447,1937,2025-01-23 20:55:00,payment,15.68,success
5448,1944,2025-01-31 01:06:00,deposit,473.01,success
5449,1944,2025-02-06 02:06:00,payment,80.75,success
5450,1945,2025-03-13 04:12:00,deposit,490.47,success
5451,1945,2025-03-20 19:12:00,payment,142.76,success
5452,1948,2025-01-24 23:05:00,deposit,304.7,success
5453,1948,2025-01-29 13:05:00,payment,96.13,success
5454,1950,2025-02-18 06:59:00,deposit,129.98,success
5455,1950,2025-02-22 06:59:00,payment,131.74,success
5456,1951,2025-01-07 06:27:00,deposit,25.47,success
5457,1953,2025-01-16 04:57:00,deposit,394.33,success
5458,1953,2025-01-19 22:57:00,payment,97.3,success
5459,1954,2025-03-06 18:59:00,deposit,99.12,success
5460,1954,2025-03-07 16:59:00,payment,69.18,success
5461,1984,2025-03-14 13:12:00,deposit,275.5,success
5462,1984,2025-03-23 02:12:00,payment,177.35,success
5463,1987,2025-02-24 22:08:00,deposit,265.8,success
5464,1987,2025-03-02 01:08:00,payment,89.88,success
5465,1988,2025-03-25 14:50:00,deposit,76.66,success
5466,1988,2025-03-28 06:50:00,payment,171.96,success
5467,1994,2025-01-06 15:16:00,deposit,467.66,success
5468,1994,2025-01-09 16:16:00,payment,69.06,success
5469,1995,2025-02-15 13:56:00,deposit,218.72,success
5470,1995,2025-02-24 15:56:00,payment,56.06,success
5471,1998,2025-03-04 13:26:00,deposit,179.01,success
5472,1999,2025-03-10 05:01:00,deposit,370.74,success
5473,1999,2025-03-16 01:01:00,payment,52.04,success
5474,2000,2025-03-15 13:27:00,deposit,239.64,success
5475,2000,2025-03-24 17:27:00,payment,23.69,success
5476,2004,2025-02-01 15:51:00,deposit,407.37,success
5477,2004,2025-02-08 20:51:00,payment,117.07,success
5478,2009,2025-03-31 06:30:00,deposit,264.02,success
5479,2009,2025-04-08 22:30:00,payment,160.33,success
5480,2014,2025-04-03 00:49:00,deposit,114.22,success
5481,2018,2025-02-14 00:53:00,deposit,335.39,success
5482,2018,2025-02-20 13:53:00,payment,104.02,success
5483,2023,2025-02-22 21:51:00,deposit,400.01,success
5484,2023,2025-02-27 22:51:00,payment,34.37,success
5485,2025,2025-01-31 02:03:00,deposit,288.76,success
5486,2025,2025-02-09 03:03:00,payment,157.3,success
5487,2026,2025-03-06 00:19:00,deposit,74.29,success
5488,2026,2025-03-09 13:19:00,payment,148.45,success
5489,2028,2025-01-28 11:26:00,deposit,117.75,success
5490,2028,2025-02-03 04:26:00,payment,194.51,success
5491,2033,2025-02-25 15:14:00,deposit,405.67,success
5492,2033,2025-03-03 10:14:00,payment,170.64,success
5493,2035,2025-02-25 18:52:00,deposit,300.7,success
5494,2035,2025-03-03 22:52:00,payment,10.88,success
5495,2040,2025-02-24 11:44:00,deposit,408.04,success
5496,2040,2025-02-27 13:44:00,payment,132.07,success
5497,2041,2025-03-15 11:47:00,deposit,67.86,success
5498,2041,2025-03-15 13:47:00,payment,37.95,success
5499,2042,2025-02-14 23:03:00,deposit,42.63,success
5500,2042,2025-02-18 19:03:00,payment,153.91,success
5501,2043,2025-03-11 07:27:00,deposit,342.26,success
5502,2043,2025-03-19 05:27:00,payment,123.84,success
5503,2045,2025-02-02 17:31:00,deposit,130.29,success
5504,2045,2025-02-09 19:31:00,payment,23.37,success
5505,2058,2025-01-12 12:37:00,deposit,437.99,success
5506,2060,2025-03-18 19:54:00,deposit,62.5,success
5507,2060,2025-03-23 18:54:00,payment,177.22,success
5508,2067,2025-03-01 17:13:00,deposit,165.47,success
5509,2069,2025-01-31 23:50:00,deposit,26.56,success
5510,2069,2025-02-01 01:50:00,payment,128.5,success
5511,2072,2025-02-04 01:01:00,deposit,294.52,success
5512,2072,2025-02-08 08:01:00,payment,51.01,success
5513,2074,2025-03-13 13:52:00,deposit,246.24,success
5514,2074,2025-03-17 02:52:00,payment,84.39,success
5515,2075,2025-03-19 07:00:00,deposit,343.34,success
5516,2079,2025-02-07 11:43:00,deposit,488.43,success
5517,2081,2025-02-01 20:44:00,deposit,308.47,success
5518,2081,2025-02-05 23:44:00,payment,18.29,success
5519,2082,2025-02-16 20:03:00,deposit,279.67,success
5520,2082,2025-02-24 17:03:00,payment,101.76,success
5521,2084,2025-03-13 11:10:00,deposit,341.25,success
5522,2084,2025-03-21 00:10:00,payment,86.62,success
5523,2087,2025-03-18 16:24:00,deposit,443.66,success
5524,2087,2025-03-28 00:24:00,payment,53.5,success
5525,2097,2025-01-18 19:09:00,deposit,303.16,success
5526,2097,2025-01-23 23:09:00,payment,82.48,success
5527,2106,2025-02-09 23:23:00,deposit,326.09,success
5528,2106,2025-02-17 02:23:00,payment,170.25,success
5529,2107,2025-03-16 00:43:00,deposit,141.25,success
5530,2107,2025-03-24 07:43:00,payment,62.33,success
5531,2109,2025-01-17 08:03:00,deposit,435.74,success
5532,2109,2025-01-23 03:03:00,payment,64.27,success
5533,2112,2025-03-26 04:16:00,deposit,164.97,success
5534,2112,2025-04-03 20:16:00,payment,13.85,success
5535,2115,2025-03-30 10:56:00,deposit,148.03,success
5536,2120,2025-01-23 17:03:00,deposit,280.87,success
5537,2124,2025-04-01 12:06:00,deposit,464.78,success
5538,2124,2025-04-07 00:06:00,payment,162.4,success
5539,2128,2025-03-01 18:01:00,deposit,138.25,success
5540,2128,2025-03-09 12:01:00,payment,164.93,success
5541,2132,2025-01-26 07:25:00,deposit,478.38,success
5542,2132,2025-02-04 18:25:00,payment,16.42,success
5543,2137,2025-03-16 14:31:00,deposit,188.85,success
5544,2139,2025-03-05 19:42:00,deposit,77.13,success
5545,2139,2025-03-11 16:42:00,payment,46.87,success
5546,2147,2025-02-09 22:14:00,deposit,273.54,success
5547,2147,2025-02-13 22:14:00,payment,103.31,success
5548,2152,2025-01-24 14:13:00,deposit,165.93,success
5549,2156,2025-02-28 03:42:00,deposit,272.1,success
5550,2156,2025-03-06 06:42:00,payment,61.17,success
5551,2162,2025-03-31 06:20:00,deposit,430.99,success
5552,2162,2025-04-02 15:20:00,payment,44.3,success
5553,2163,2025-02-05 12:02:00,deposit,119.86,success
5554,2163,2025-02-10 19:02:00,payment,48.15,success
5555,2165,2025-02-01 16:56:00,deposit,364.01,success
5556,2165,2025-02-11 09:56:00,payment,138.72,success
5557,2169,2025-01-31 15:19:00,deposit,154.18,success
5558,2169,2025-02-08 05:19:00,payment,20.97,success
5559,2172,2025-03-19 09:35:00,deposit,399.17,success
5560,2172,2025-03-19 16:35:00,payment,158.48,success
5561,2178,2025-03-09 03:00:00,deposit,359.7,success
5562,2179,2025-03-08 15:13:00,deposit,418.49,success
5563,2179,2025-03-17 22:13:00,payment,83.12,success
5564,2193,2025-02-19 19:18:00,deposit,352.13,success
5565,2193,2025-02-20 05:18:00,payment,160.8,success
5566,2202,2025-03-10 09:52:00,deposit,271.16,success
5567,2202,2025-03-14 17:52:00,payment,174.88,success
5568,2207,2025-01-07 13:45:00,deposit,93.94,success
5569,2207,2025-01-09 13:45:00,payment,196.6,success
5570,2211,2025-01-07 04:26:00,deposit,345.11,success
5571,2211,2025-01-12 01:26:00,payment,35.68,success
5572,2215,2025-03-29 11:28:00,deposit,306.63,success
5573,2221,2025-01-11 07:23:00,deposit,169.7,success
5574,2221,2025-01-13 23:23:00,payment,78.46,success
5575,2228,2025-03-07 02:26:00,deposit,128.73,success
5576,2228,2025-03-07 04:26:00,payment,167.87,success
5577,2232,2025-02-27 15:28:00,deposit,329.63,success
5578,2232,2025-03-07 08:28:00,payment,180.76,success
5579,2233,2025-01-10 08:52:00,deposit,69.42,success
5580,2233,2025-01-14 03:52:00,payment,93.62,success
5581,2234,2025-02-07 06:59:00,deposit,423.03,success
5582,2237,2025-03-22 00:16:00,deposit,212.98,success
5583,2237,2025-03-30 19:16:00,payment,23.73,success
5584,2239,2025-02-17 06:31:00,deposit,195.57,success
5585,2239,2025-02-23 19:31:00,payment,15.03,success
5586,2243,2025-02-27 08:24:00,deposit,61.09,success
5587,2243,2025-03-05 14:24:00,payment,98.44,success
5588,2246,2025-03-02 02:00:00,deposit,390.76,success
5589,2246,2025-03-06 23:00:00,payment,5.93,success
5590,2247,2025-02-19 21:38:00,deposit,191.4,success
5591,2247,2025-02-22 01:38:00,payment,185.18,success
5592,2248,2025-03-26 22:27:00,deposit,423.81,success
5593,2248,2025-04-05 04:27:00,payment,143.24,success
5594,2252,2025-02-09 07:09:00,deposit,111.69,success
5595,2254,2025-03-31 12:55:00,deposit,122.53,success
5596,2254,2025-04-06 19:55:00,payment,103.46,success
5597,2260,2025-03-26 21:48:00,deposit,48.2,success
5598,2260,2025-04-02 12:48:00,payment,123.52,success
5599,2266,2025-01-18 03:37:00,deposit,401.5,success
5600,2266,2025-01-19 21:37:00,payment,171.04,success
5601,2267,2025-01-05 16:04:00,deposit,389.46,success
5602,2267,2025-01-10 02:04:00,payment,188.15,success
5603,2269,2025-04-01 09:32:00,deposit,58.22,success
5604,2277,2025-02-18 23:00:00,deposit,321.1,success
5605,2278,2025-04-01 19:40:00,deposit,50.63,success
5606,2278,2025-04-04 19:40:00,payment,149.45,success
5607,2287,2025-01-17 06:57:00,deposit,232.0,success
5608,2287,2025-01-21 02:57:00,payment,121.52,success
5609,2288,2025-01-11 22:46:00,deposit,227.97,success
5610,2289,2025-02-13 00:37:00,deposit,428.1,success
5611,2289,2025-02-18 01:37:00,payment,97.46,success
5612,2293,2025-01-30 11:42:00,deposit,99.91,success
5613,2293,2025-02-01 00:42:00,payment,47.5,success
5614,2301,2025-03-12 20:41:00,deposit,371.06,success
5615,2301,2025-03-12 22:41:00,payment,15.3,success
5616,2303,2025-03-29 09:15:00,deposit,468.92,success
5617,2303,2025-03-31 12:15:00,payment,147.52,success
5618,2304,2025-02-15 13:35:00,deposit,414.27,success
5619,2304,2025-02-17 20:35:00,payment,33.44,success
5620,2308,2025-01-20 21:55:00,deposit,373.73,success
5621,2308,2025-01-29 21:55:00,payment,77.93,success
5622,2311,2025-03-25 14:49:00,deposit,404.13,success
5623,2311,2025-03-31 03:49:00,payment,87.31,success
5624,2312,2025-04-05 02:11:00,deposit,115.27,success
5625,2312,2025-04-13 18:11:00,payment,187.4,success
5626,2318,2025-01-10 22:21:00,deposit,233.82,success
5627,2318,2025-01-12 07:21:00,payment,119.83,success
5628,2319,2025-02-12 23:37:00,deposit,383.94,success
5629,2319,2025-02-17 11:37:00,payment,67.5,success
5630,2322,2025-03-18 19:56:00,deposit,296.72,success
5631,2322,2025-03-21 23:56:00,payment,134.03,success
5632,2325,2025-01-20 14:44:00,deposit,33.88,success
5633,2325,2025-01-22 09:44:00,payment,181.47,success
5634,2327,2025-03-31 07:42:00,deposit,489.87,success
5635,2334,2025-02-23 00:08:00,deposit,312.57,success
5636,2334,2025-03-03 10:08:00,payment,176.51,success
5637,2336,2025-02-10 12:52:00,deposit,163.55,success
5638,2336,2025-02-17 06:52:00,payment,195.67,success
5639,2337,2025-01-30 14:37:00,deposit,249.84,success
5640,2337,2025-01-31 01:37:00,payment,28.02,success
5641,2341,2025-02-12 14:08:00,deposit,378.16,success
5642,2341,2025-02-15 09:08:00,payment,104.66,success
5643,2342,2025-01-17 05:32:00,deposit,141.4,success
5644,2342,2025-01-24 05:32:00,payment,197.94,success
5645,2345,2025-02-12 08:56:00,deposit,306.05,success
5646,2345,2025-02-13 01:56:00,payment,129.64,success
5647,2354,2025-01-25 19:24:00,deposit,300.75,success
5648,2354,2025-02-02 01:24:00,payment,134.14,success
5649,2361,2025-03-18 08:08:00,deposit,146.8,success
5650,2361,2025-03-21 08:08:00,payment,8.9,success
5651,2363,2025-02-12 11:21:00,deposit,26.42,success
5652,2363,2025-02-14 05:21:00,payment,69.55,success
5653,2364,2025-01-21 04:05:00,deposit,177.53,success
5654,2371,2025-02-11 10:32:00,deposit,440.97,success
5655,2374,2025-02-19 02:27:00,deposit,51.4,success
5656,2374,2025-02-20 17:27:00,payment,46.06,success
5657,2377,2025-01-25 04:44:00,deposit,349.54,success
5658,2377,2025-01-29 06:44:00,payment,7.79,success
5659,2379,2025-03-06 03:39:00,deposit,94.07,success
5660,2379,2025-03-07 00:39:00,payment,37.93,success
5661,2386,2025-02-17 05:27:00,deposit,213.23,success
5662,2386,2025-02-25 22:27:00,payment,24.41,success
5663,2389,2025-03-27 09:03:00,deposit,270.16,success
5664,2389,2025-03-30 19:03:00,payment,15.72,success
5665,2396,2025-03-29 02:25:00,deposit,370.39,success
5666,2398,2025-03-16 19:51:00,deposit,195.26,success
5667,2398,2025-03-23 17:51:00,payment,118.01,success
5668,2403,2025-01-18 02:40:00,deposit,233.29,success
5669,2403,2025-01-18 08:40:00,payment,40.57,success
5670,2413,2025-01-26 18:58:00,deposit,25.78,success
5671,2422,2025-02-23 00:42:00,deposit,112.05,success
5672,2424,2025-03-04 00:38:00,deposit,137.51,success
5673,2424,2025-03-08 11:38:00,payment,94.72,success
5674,2425,2025-04-03 18:30:00,deposit,496.97,success
5675,2425,2025-04-12 13:30:00,payment,35.24,success
5676,2432,2025-02-07 01:08:00,deposit,494.82,success
5677,2432,2025-02-16 12:08:00,payment,21.8,success
5678,2436,2025-01-08 06:17:00,deposit,496.32,success
5679,2436,2025-01-16 09:17:00,payment,20.17,success
5680,2440,2025-04-04 06:16:00,deposit,363.44,success
5681,2440,2025-04-10 02:16:00,payment,155.08,success
5682,2444,2025-01-17 12:51:00,deposit,220.61,success
5683,2449,2025-03-25 09:25:00,deposit,215.77,success
5684,2449,2025-04-03 15:25:00,payment,179.7,success
5685,2460,2025-01-22 16:27:00,deposit,277.56,success
5686,2461,2025-02-05 05:36:00,deposit,375.89,success
5687,2461,2025-02-12 01:36:00,payment,67.28,success
5688,2463,2025-02-21 12:14:00,deposit,487.05,success
5689,2464,2025-02-01 02:43:00,deposit,298.28,success
5690,2464,2025-02-01 06:43:00,payment,142.65,success
5691,2471,2025-02-05 22:32:00,deposit,59.19,success
5692,2471,2025-02-13 11:32:00,payment,41.4,success
5693,2476,2025-02-22 22:34:00,deposit,76.03,success
5694,2476,2025-03-01 22:34:00,payment,133.24,success
5695,2482,2025-01-22 04:16:00,deposit,345.26,success
5696,2482,2025-01-24 12:16:00,payment,17.59,success
5697,2484,2025-02-13 04:01:00,deposit,464.77,success
5698,2486,2025-02-19 11:14:00,deposit,431.22,success
5699,2486,2025-02-23 02:14:00,payment,84.22,success
5700,2493,2025-04-01 23:45:00,deposit,242.98,success
5701,2493,2025-04-04 10:45:00,payment,195.48,success
5702,2497,2025-02-09 18:31:00,deposit,448.87,success
5703,2497,2025-02-17 23:31:00,payment,155.32,success
5704,2504,2025-02-17 01:49:00,deposit,38.27,success
5705,2504,2025-02-24 22:49:00,payment,17.72,success
5706,2508,2025-03-23 02:04:00,deposit,58.39,success
5707,2509,2025-02-01 23:04:00,deposit,473.68,success
5708,2509,2025-02-06 12:04:00,payment,174.07,success
5709,2512,2025-01-06 08:08:00,deposit,269.17,success
5710,2512,2025-01-12 14:08:00,payment,11.0,success
5711,2513,2025-03-04 21:26:00,deposit,486.23,success
5712,2521,2025-02-16 16:34:00,deposit,329.83,success
5713,2528,2025-04-03 14:59:00,deposit,206.64,success
5714,2528,2025-04-11 14:59:00,payment,109.13,success
5715,2533,2025-02-09 12:45:00,deposit,276.64,success
5716,2533,2025-02-10 16:45:00,payment,156.34,success
5717,2537,2025-01-20 17:44:00,deposit,487.79,success
5718,2537,2025-01-24 19:44:00,payment,100.81,success
5719,2540,2025-02-02 06:48:00,deposit,200.34,success
5720,2540,2025-02-10 11:48:00,payment,183.21,success
5721,2546,2025-01-13 09:10:00,deposit,138.96,success
5722,2546,2025-01-14 02:10:00,payment,78.87,success
5723,2547,2025-03-04 19:14:00,deposit,465.45,success
5724,2547,2025-03-10 08:14:00,payment,109.84,success
5725,2548,2025-03-14 22:54:00,deposit,227.29,success
5726,2548,2025-03-22 07:54:00,payment,185.93,success
5727,2562,2025-04-01 20:33:00,deposit,460.62,success
5728,2562,2025-04-02 16:33:00,payment,129.79,success
5729,2565,2025-03-21 05:42:00,deposit,27.19,success
5730,2565,2025-03-27 11:42:00,payment,196.5,success
5731,2570,2025-03-14 13:20:00,deposit,480.2,success
5732,2571,2025-02-10 22:01:00,deposit,484.57,success
5733,2574,2025-03-24 03:31:00,deposit,309.1,success
5734,2575,2025-02-03 06:31:00,deposit,124.36,success
5735,2575,2025-02-09 13:31:00,payment,58.25,success
5736,2576,2025-03-14 09:25:00,deposit,202.26,success
5737,2580,2025-02-21 10:37:00,deposit,405.46,success
5738,2582,2025-03-04 06:49:00,deposit,210.38,success
5739,2582,2025-03-12 02:49:00,payment,118.48,success
5740,2587,2025-03-20 23:32:00,deposit,240.24,success
5741,2592,2025-03-27 07:05:00,deposit,445.45,success
5742,2592,2025-03-30 07:05:00,payment,23.71,success
5743,2608,2025-01-11 19:14:00,deposit,147.2,success
5744,2608,2025-01-12 01:14:00,payment,186.51,success
5745,2611,2025-02-07 03:30:00,deposit,221.8,success
5746,2611,2025-02-07 06:30:00,payment,17.65,success
5747,2616,2025-02-26 19:31:00,deposit,284.26,success
5748,2616,2025-03-02 11:31:00,payment,45.42,success
5749,2617,2025-02-03 23:13:00,deposit,433.47,success
5750,2619,2025-02-06 15:35:00,deposit,93.9,success
5751,2619,2025-02-07 21:35:00,payment,139.44,success
5752,2623,2025-03-21 13:18:00,deposit,229.84,success
5753,2623,2025-03-30 08:18:00,payment,11.64,success
5754,2633,2025-04-02 12:57:00,deposit,374.52,success
5755,2633,2025-04-03 07:57:00,payment,94.91,success
5756,2634,2025-02-10 04:48:00,deposit,122.24,success
5757,2637,2025-02-06 06:45:00,deposit,59.22,success
5758,2637,2025-02-15 09:45:00,payment,112.06,success
5759,2638,2025-03-16 14:53:00,deposit,240.48,success
5760,2638,2025-03-24 11:53:00,payment,127.21,success
5761,2653,2025-01-22 22:10:00,deposit,199.11,success
5762,2654,2025-01-15 06:32:00,deposit,474.36,success
5763,2654,2025-01-21 05:32:00,payment,93.32,success
5764,2658,2025-03-29 06:29:00,deposit,397.23,success
5765,2658,2025-04-05 14:29:00,payment,153.16,success
5766,2659,2025-02-24 21:23:00,deposit,378.42,success
5767,2659,2025-02-25 13:23:00,payment,40.35,success
5768,2662,2025-02-19 15:40:00,deposit,363.17,success
5769,2662,2025-02-24 00:40:00,payment,50.13,success
5770,2667,2025-03-23 01:47:00,deposit,343.55,success
5771,2667,2025-03-26 16:47:00,payment,10.74,success
5772,2680,2025-02-17 16:15:00,deposit,300.12,success
5773,2682,2025-01-06 23:19:00,deposit,259.23,success
5774,2696,2025-03-20 06:42:00,deposit,371.17,success
5775,2696,2025-03-25 18:42:00,payment,175.21,success
5776,2697,2025-02-02 18:21:00,deposit,289.98,success
5777,2701,2025-01-27 15:58:00,deposit,130.95,success
5778,2701,2025-02-02 10:58:00,payment,103.66,success
5779,2706,2025-01-11 14:08:00,deposit,366.28,success
5780,2706,2025-01-13 10:08:00,payment,70.99,success
5781,2707,2025-01-22 20:35:00,deposit,355.19,success
5782,2707,2025-01-24 04:35:00,payment,23.85,success
5783,2708,2025-03-01 16:53:00,deposit,122.22,success
5784,2709,2025-03-14 18:50:00,deposit,92.98,success
5785,2709,2025-03-24 07:50:00,payment,192.94,success
5786,2714,2025-01-16 05:56:00,deposit,152.2,success
5787,2714,2025-01-18 02:56:00,payment,91.61,success
5788,2717,2025-02-06 14:21:00,deposit,468.25,success
5789,2718,2025-03-12 15:49:00,deposit,131.47,success
5790,2718,2025-03-12 20:49:00,payment,104.23,success
5791,2722,2025-01-25 05:32:00,deposit,147.27,success
5792,2723,2025-01-23 01:10:00,deposit,80.17,success
5793,2723,2025-01-25 21:10:00,payment,75.76,success
5794,2724,2025-03-25 14:20:00,deposit,436.19,success
5795,2724,2025-03-30 04:20:00,payment,157.66,success
5796,2735,2025-02-20 19:30:00,deposit,343.59,success
5797,2735,2025-02-25 08:30:00,payment,64.07,success
5798,2736,2025-02-23 22:19:00,deposit,202.92,success
5799,2737,2025-03-15 02:38:00,deposit,467.23,success
5800,2737,2025-03-23 06:38:00,payment,140.67,success
5801,2738,2025-01-06 21:13:00,deposit,265.52,success
5802,2738,2025-01-11 02:13:00,payment,103.17,success
5803,2740,2025-02-15 19:43:00,deposit,171.91,success
5804,2740,2025-02-16 07:43:00,payment,183.28,success
5805,2741,2025-02-28 01:41:00,deposit,136.88,success
5806,2741,2025-03-09 00:41:00,payment,189.96,success
5807,2743,2025-03-07 06:55:00,deposit,440.92,success
5808,2743,2025-03-15 20:55:00,payment,17.06,success
5809,2745,2025-01-23 19:31:00,deposit,344.62,success
5810,2745,2025-01-26 06:31:00,payment,117.2,success
5811,2748,2025-01-30 13:39:00,deposit,350.96,success
5812,2748,2025-02-07 15:39:00,payment,153.79,success
5813,2753,2025-01-16 15:17:00,deposit,239.9,success
5814,2753,2025-01-24 04:17:00,payment,37.13,success
5815,2754,2025-02-10 21:30:00,deposit,123.44,success
5816,2754,2025-02-13 02:30:00,payment,165.26,success
5817,2755,2025-02-21 00:48:00,deposit,390.55,success
5818,2766,2025-03-15 08:05:00,deposit,278.71,success
5819,2766,2025-03-23 02:05:00,payment,118.06,success
5820,2770,2025-03-25 06:15:00,deposit,57.73,success
5821,2770,2025-03-28 21:15:00,payment,105.62,success
5822,2773,2025-01-16 21:12:00,deposit,305.5,success
5823,2773,2025-01-20 01:12:00,payment,71.85,success
5824,2777,2025-02-13 23:33:00,deposit,42.87,success
5825,2778,2025-01-10 18:42:00,deposit,112.63,success
5826,2780,2025-04-01 13:47:00,deposit,392.88,success
5827,2780,2025-04-04 09:47:00,payment,67.21,success
5828,2781,2025-02-22 12:09:00,deposit,56.93,success
5829,2781,2025-02-26 23:09:00,payment,147.22,success
5830,2782,2025-04-03 17:08:00,deposit,172.07,success
5831,2782,2025-04-05 04:08:00,payment,73.06,success
5832,2786,2025-02-21 15:45:00,deposit,62.92,success
5833,2792,2025-01-25 09:54:00,deposit,374.11,success
5834,2792,2025-01-29 21:54:00,payment,167.17,success
5835,2794,2025-03-21 02:56:00,deposit,57.64,success
5836,2794,2025-03-25 02:56:00,payment,199.76,success
5837,2796,2025-02-05 02:25:00,deposit,344.73,success
5838,2796,2025-02-06 01:25:00,payment,40.02,success
5839,2797,2025-01-06 06:17:00,deposit,409.85,success
5840,2800,2025-02-04 14:29:00,deposit,400.79,success
5841,2800,2025-02-12 15:29:00,payment,123.1,success
5842,2803,2025-02-01 06:06:00,deposit,201.38,success
5843,2816,2025-01-16 00:49:00,deposit,33.07,success
5844,2816,2025-01-16 23:49:00,payment,146.55,success
5845,2823,2025-03-17 23:19:00,deposit,43.75,success
5846,2823,2025-03-27 10:19:00,payment,174.47,success
5847,2824,2025-02-26 03:27:00,deposit,351.89,success
5848,2824,2025-03-01 20:27:00,payment,146.44,success
5849,2829,2025-03-22 06:54:00,deposit,229.62,success
5850,2829,2025-03-30 08:54:00,payment,197.89,success
5851,2832,2025-01-09 22:36:00,deposit,337.05,success
5852,2832,2025-01-11 21:36:00,payment,139.77,success
5853,2834,2025-03-03 20:32:00,deposit,81.02,success
5854,2834,2025-03-07 19:32:00,payment,68.2,success
5855,2842,2025-03-25 12:37:00,deposit,298.15,success
5856,2846,2025-01-20 11:03:00,deposit,121.76,success
5857,2846,2025-01-25 09:03:00,payment,111.22,success
5858,2849,2025-01-22 16:13:00,deposit,261.97,success
5859,2849,2025-01-24 06:13:00,payment,9.09,success
5860,2850,2025-03-02 14:36:00,deposit,244.71,success
5861,2850,2025-03-11 21:36:00,payment,54.47,success
5862,2853,2025-02-27 06:35:00,deposit,419.48,success
5863,2853,2025-03-08 12:35:00,payment,62.0,success
5864,2855,2025-02-05 04:14:00,deposit,62.06,success
5865,2855,2025-02-05 18:14:00,payment,116.79,success
5866,2857,2025-02-16 18:27:00,deposit,180.0,success
5867,2857,2025-02-20 02:27:00,payment,194.93,success
5868,2858,2025-03-27 23:40:00,deposit,451.55,success
5869,2858,2025-04-05 02:40:00,payment,112.71,success
5870,2872,2025-03-08 21:08:00,deposit,198.56,success
5871,2872,2025-03-17 18:08:00,payment,124.0,success
5872,2874,2025-01-11 20:28:00,deposit,397.86,success
5873,2874,2025-01-16 05:28:00,payment,51.72,success
5874,2875,2025-03-22 23:56:00,deposit,227.66,success
5875,2875,2025-03-27 20:56:00,payment,48.87,success
5876,2876,2025-02-20 07:55:00,deposit,163.49,success
5877,2877,2025-03-30 11:48:00,deposit,162.26,success
5878,2877,2025-03-31 02:48:00,payment,165.72,success
5879,2878,2025-02-05 14:32:00,deposit,494.42,success
5880,2878,2025-02-07 02:32:00,payment,182.25,success
5881,2882,2025-01-26 05:34:00,deposit,336.15,success
5882,2882,2025-01-31 15:34:00,payment,12.79,success
5883,2884,2025-01-08 00:11:00,deposit,188.67,success
5884,2884,2025-01-10 16:11:00,payment,77.42,success
5885,2889,2025-02-20 12:29:00,deposit,98.39,success
5886,2892,2025-03-11 00:46:00,deposit,441.04,success
5887,2892,2025-03-16 10:46:00,payment,132.75,success
5888,2893,2025-03-25 09:12:00,deposit,461.29,success
5889,2896,2025-01-11 04:48:00,deposit,183.23,success
5890,2896,2025-01-13 03:48:00,payment,20.08,success
5891,2897,2025-02-14 21:47:00,deposit,33.09,success
5892,2897,2025-02-15 00:47:00,payment,47.42,success
5893,2898,2025-02-16 06:35:00,deposit,67.38,success
5894,2898,2025-02-17 12:35:00,payment,78.71,success
5895,2902,2025-01-23 17:45:00,deposit,367.22,success
5896,2902,2025-01-28 12:45:00,payment,109.21,success
5897,2907,2025-01-12 11:07:00,deposit,213.21,success
5898,2907,2025-01-19 22:07:00,payment,39.55,success
5899,2908,2025-04-01 00:28:00,deposit,37.11,success
5900,2908,2025-04-05 12:28:00,payment,20.11,success
5901,2911,2025-01-16 13:22:00,deposit,135.79,success
5902,2911,2025-01-24 15:22:00,payment,74.51,success
5903,2915,2025-03-13 00:41:00,deposit,65.06,success
5904,2915,2025-03-21 11:41:00,payment,104.88,success
5905,2920,2025-01-18 21:30:00,deposit,228.7,success
5906,2920,2025-01-20 02:30:00,payment,105.18,success
5907,2921,2025-04-02 08:19:00,deposit,475.14,success
5908,2921,2025-04-09 01:19:00,payment,79.18,success
5909,2923,2025-01-05 17:32:00,deposit,375.97,success
5910,2924,2025-03-16 19:21:00,deposit,219.79,success
5911,2924,2025-03-19 19:21:00,payment,31.65,success
5912,2930,2025-01-11 12:46:00,deposit,28.63,success
5913,2930,2025-01-20 20:46:00,payment,22.34,success
5914,2934,2025-03-01 21:47:00,deposit,333.51,success
5915,2934,2025-03-11 15:47:00,payment,39.2,success
5916,2939,2025-02-05 05:40:00,deposit,321.58,success
5917,2939,2025-02-06 22:40:00,payment,30.72,success
5918,2944,2025-03-27 09:31:00,deposit,305.69,success
5919,2949,2025-01-10 00:46:00,deposit,381.8,success
5920,2949,2025-01-17 14:46:00,payment,5.04,success
5921,2958,2025-02-01 03:46:00,deposit,390.32,success
5922,2961,2025-03-24 19:00:00,deposit,311.62,success
5923,2964,2025-02-18 07:24:00,deposit,320.12,success
5924,2964,2025-02-22 14:24:00,payment,78.02,success
5925,2973,2025-03-19 19:49:00,deposit,240.84,success
5926,2973,2025-03-20 05:49:00,payment,53.55,success
5927,2974,2025-02-10 04:03:00,deposit,150.13,success
5928,2974,2025-02-13 15:03:00,payment,46.12,success
5929,2975,2025-01-26 21:57:00,deposit,415.1,success
5930,2975,2025-02-04 16:57:00,payment,129.52,success
5931,2978,2025-01-06 06:48:00,deposit,100.73,success
5932,2978,2025-01-16 01:48:00,payment,99.16,success
5933,2981,2025-03-03 11:10:00,deposit,191.13,success
5934,2984,2025-02-24 15:41:00,deposit,226.9,success
5935,2984,2025-03-02 10:41:00,payment,116.31,success
5936,2985,2025-03-25 02:19:00,deposit,366.55,success
5937,2985,2025-03-30 03:19:00,payment,182.91,success
5938,2987,2025-01-25 01:27:00,deposit,30.99,success
5939,2987,2025-02-01 14:27:00,payment,143.99,success
5940,2988,2025-02-25 17:50:00,deposit,180.8,success
5941,2988,2025-03-06 05:50:00,payment,52.36,success
5942,2989,2025-04-04 13:20:00,deposit,133.7,success
5943,2989,2025-04-14 00:20:00,payment,117.75,success
5944,2991,2025-04-04 07:27:00,deposit,193.15,success
5945,2991,2025-04-09 13:27:00,payment,195.82,success
5946,2994,2025-03-03 15:22:00,deposit,43.51,success
5947,2994,2025-03-11 16:22:00,payment,158.98,success
5948,2997,2025-02-18 20:51:00,deposit,271.51,success
5949,2997,2025-02-23 14:51:00,payment,192.13,success
5950,2999,2025-01-28 19:46:00,deposit,308.05,success
